{"cameraMode":{"drawMode":0,"name":"Shaded","section":"Shading Mode"},"sceneLighting":true,"audioPlay":false,"sceneViewState":{"m_AlwaysRefresh":false,"showFog":true,"showSkybox":true,"showFlares":true,"showImageEffects":true,"showParticleSystems":true,"showVisualEffectGraphs":true,"m_FxEnabled":true},"in2DMode":false,"pivot":{"x":-0.13328124582767487,"y":0.9556467533111572,"z":-45.89631271362305},"rotation":{"x":-0.10212944447994232,"y":-0.0005870133172720671,"z":0.00005560885983868502,"w":-0.9947664737701416},"size":2.3643035888671877,"orthographic":false}