{"cameraMode":{"drawMode":0,"name":"Shaded","section":"Shading Mode"},"sceneLighting":true,"audioPlay":false,"sceneViewState":{"m_AlwaysRefresh":false,"showFog":true,"showSkybox":true,"showFlares":true,"showImageEffects":true,"showParticleSystems":true,"showVisualEffectGraphs":true,"m_FxEnabled":true},"in2DMode":false,"pivot":{"x":-1.6656389236450196,"y":-0.1932751089334488,"z":-46.354881286621097},"rotation":{"x":-0.23450379073619843,"y":0.12731212377548219,"z":-0.030998900532722474,"w":-0.9632394313812256},"size":6.785998821258545,"orthographic":false}